<?xml version="1.0" encoding="UTF-8" ?>
<LightningComponentBundle xmlns="http://soap.sforce.com/2006/04/metadata">
    <apiVersion>51.0</apiVersion>
    <isExposed>true</isExposed>
    <masterLabel>Picklist Path</masterLabel>
    <description>Displays a path based on a picklist field</description>
    <targets>
        <target>lightning__RecordPage</target>
    </targets>
    <targetConfigs>
        <targetConfig targets="lightning__RecordPage">
            <property
        name="qualifiedFieldName"
        type="String"
        label="Qualified Field Name"
        description="Qualified field name of the picklist field. Eg: Account.Rating"
        required="true"
      />
        </targetConfig>
    </targetConfigs>
</LightningComponentBundle>
